{
  "hash": "358dcbcf",
  "configHash": "12e72816",
  "lockfileHash": "571c6cd3",
  "browserHash": "c7e0e983",
  "optimized": {
    "@angular/core": {
      "src": "../../../../../node_modules/@angular/core/fesm2022/core.mjs",
      "file": "@angular_core.js",
      "fileHash": "2c4f193e",
      "needsInterop": false
    },
    "@angular/platform-browser": {
      "src": "../../../../../node_modules/@angular/platform-browser/fesm2022/platform-browser.mjs",
      "file": "@angular_platform-browser.js",
      "fileHash": "ae26eb7b",
      "needsInterop": false
    },
    "@angular/router": {
      "src": "../../../../../node_modules/@angular/router/fesm2022/router.mjs",
      "file": "@angular_router.js",
      "fileHash": "7f8a56c6",
      "needsInterop": false
    }
  },
  "chunks": {
    "chunk-UN2XCSBL": {
      "file": "chunk-UN2XCSBL.js"
    },
    "chunk-DW5SNYKA": {
      "file": "chunk-DW5SNYKA.js"
    }
  }
}