{
  "hash": "9c347300",
  "configHash": "4c78d0d0",
  "lockfileHash": "a95c0ed3",
  "browserHash": "cde0bd9d",
  "optimized": {
    "@angular/core": {
      "src": "../../../../../node_modules/@angular/core/fesm2022/core.mjs",
      "file": "@angular_core.js",
      "fileHash": "f6ffd1b4",
      "needsInterop": false
    },
    "@angular/platform-browser": {
      "src": "../../../../../node_modules/@angular/platform-browser/fesm2022/platform-browser.mjs",
      "file": "@angular_platform-browser.js",
      "fileHash": "4175f0ae",
      "needsInterop": false
    },
    "@angular/router": {
      "src": "../../../../../node_modules/@angular/router/fesm2022/router.mjs",
      "file": "@angular_router.js",
      "fileHash": "8420518f",
      "needsInterop": false
    },
    "swiper/element/bundle": {
      "src": "../../../../../node_modules/swiper/swiper-element-bundle.mjs",
      "file": "swiper_element_bundle.js",
      "fileHash": "52e29286",
      "needsInterop": false
    }
  },
  "chunks": {
    "chunk-URRZ4LLQ": {
      "file": "chunk-URRZ4LLQ.js"
    },
    "chunk-OTAV3MUH": {
      "file": "chunk-OTAV3MUH.js"
    },
    "chunk-J4B6MK7R": {
      "file": "chunk-J4B6MK7R.js"
    }
  }
}